dataset,model,flavor,pred_len,seq_len,sigma,seed,mse,mae,crps,swd,ept
chua,chronos-bolt-base,chronos,64,336,0.0,0,0.03273848289129052,0.1048522176785257,0.08243093088839103,0.03090127371251583,64.0
chua,chronos-bolt-base,chronos,192,336,0.0,0,0.6417780670404356,0.4464056242114444,0.39358227682033314,0.525643527507782,168.2239990234375
chua,chronos-bolt-small,chronos_small,64,336,0.0,0,0.04527021526955173,0.1275187326224908,0.0996589165289154,0.042127933353185654,64.0
chua,chronos-bolt-small,chronos_small,192,336,0.0,0,0.7175703044913012,0.49171557876272987,0.4256786281221348,0.5901660919189453,167.24069213867188
chua,chronos-2,chronos2,64,336,0.0,0,0.008863870490904488,0.05094530631338173,0.04027328363890423,0.008316926658153534,64.0
chua,chronos-2,chronos2,192,336,0.0,0,0.3743864919365446,0.33350491650464775,0.26534138034941485,0.2844668924808502,175.899658203125
chua_param_shock,chronos-bolt-base,chronos,64,336,0.0,0,0.06034043412971755,0.14517245143201965,0.11344059909108414,0.0562402717769146,64.0
chua_param_shock,chronos-bolt-base,chronos,192,336,0.0,0,1.2112459080740898,0.622727519033029,0.5502831608207343,1.0060840845108032,159.0496826171875
chua_param_shock,chronos-bolt-small,chronos_small,64,336,0.0,0,0.07897643284240043,0.17004535869299267,0.13135627166240146,0.07274523377418518,64.0
chua_param_shock,chronos-bolt-small,chronos_small,192,336,0.0,0,1.408824207424389,0.688013392570251,0.5956301777053324,1.1567238569259644,157.3810577392578
chua_param_shock,chronos-2,chronos2,64,336,0.0,0,0.018872052756967638,0.07426678010924066,0.05861088955334797,0.01778455078601837,64.0
chua_param_shock,chronos-2,chronos2,192,336,0.0,0,0.6815822775246596,0.45006472011767124,0.35461416658390266,0.5361157059669495,166.52684020996094
chua_switch,chronos-bolt-base,chronos,64,336,0.0,0,0.03909062480201551,0.11417337920309963,0.09022389327251659,0.03676958382129669,64.0
chua_switch,chronos-bolt-base,chronos,192,336,0.0,0,0.7770558904919616,0.4841922200432559,0.4304857570734568,0.6447914242744446,167.41619873046875
chua_switch,chronos-bolt-small,chronos_small,64,336,0.0,0,0.048723322022126314,0.13454400352248422,0.10452907851234887,0.0451621375977993,63.99937438964844
chua_switch,chronos-bolt-small,chronos_small,192,336,0.0,0,0.8262171797885655,0.5146395570911071,0.4467629437064197,0.6785764694213867,166.46632385253906
chua_switch,chronos-2,chronos2,64,336,0.0,0,0.010753232346814485,0.055193220093065806,0.04406982953510352,0.010048853233456612,64.0
chua_switch,chronos-2,chronos2,192,336,0.0,0,0.42097651893380417,0.3489625547826775,0.27837184128638515,0.3270840346813202,175.69866943359375
chua,timesfm-2.5-200m-pytorch,timefm,64,336,0.0,0,0.011150034638161487,0.039108458303181215,0.03371820846504824,0.010823960416018963,64.0
chua,timesfm-2.5-200m-pytorch,timefm,192,336,0.0,0,0.3957910772543536,0.33491870700681564,0.2691018494820518,0.3024410009384155,174.904541015625
chua_param_shock,timesfm-2.5-200m-pytorch,timefm,64,336,0.0,0,0.017507874374772987,0.0579028085881219,0.04891755538316616,0.016900328919291496,63.994895935058594
chua_param_shock,timesfm-2.5-200m-pytorch,timefm,192,336,0.0,0,0.7841330951459368,0.48698876209854197,0.38372718509921466,0.6120899319648743,163.23387145996094
chua_switch,timesfm-2.5-200m-pytorch,timefm,64,336,0.0,0,0.009998931646762906,0.041546298056533655,0.03532956335672747,0.009657050482928753,64.0
chua_switch,timesfm-2.5-200m-pytorch,timefm,192,336,0.0,0,0.48866015756087544,0.3672344620032903,0.2915056802923178,0.37795501947402954,172.5088348388672
doublewell,chronos-2,chronos2,64,336,0.0,1955,0.047389968676753096,0.16986003770474362,0.13255988547381733,0.04515337571501732,64.0
doublewell,chronos-2,chronos2,192,336,0.0,1955,0.047195662923939764,0.1692151652925202,0.13216967893558673,0.045390598475933075,192.0
doublewell_param_shock,chronos-2,chronos2,64,336,0.0,1955,0.6298565748869862,0.5275565876947144,0.43103280645767694,0.5654908418655396,48.412940979003906
doublewell_param_shock,chronos-2,chronos2,192,336,0.0,1955,0.9805922677330937,0.7083448167187022,0.5984418057546911,0.8343462347984314,98.72137451171875
doublewell_switch,chronos-2,chronos2,64,336,0.0,1955,0.3674141054886165,0.390358863673133,0.32282078718424523,0.3320166766643524,55.88629913330078
doublewell_switch,chronos-2,chronos2,192,336,0.0,1955,0.7949491025466687,0.621296437839043,0.5135950090659909,0.7309499979019165,130.3155975341797
doublewell,chronos-bolt-base,chronos,64,336,0.0,1955,0.04706599653391017,0.16928474626350584,0.1324195136005089,0.04519631713628769,64.0
doublewell,chronos-bolt-base,chronos,192,336,0.0,1955,0.047033161941471634,0.16895897828900544,0.13549941276570945,0.04533177986741066,192.0
doublewell_param_shock,chronos-bolt-base,chronos,64,336,0.0,1955,0.6010242338752202,0.5146106689119203,0.42238001282956916,0.5273092985153198,48.12226486206055
doublewell_param_shock,chronos-bolt-base,chronos,192,336,0.0,1955,0.9136637076056112,0.6712426865515536,0.5767705402173774,0.7727341651916504,100.90982818603516
doublewell_switch,chronos-bolt-base,chronos,64,336,0.0,1955,0.362604676684689,0.3899179677187432,0.3203239899011706,0.32724529504776,56.0366325378418
doublewell_switch,chronos-bolt-base,chronos,192,336,0.0,1955,0.7524943111797153,0.599395596067151,0.5128762987352674,0.7147405743598938,135.87741088867188
doublewell,chronos-bolt-small,chronos_small,64,336,0.0,1955,0.047468946532449985,0.16956903058840592,0.13280031539776233,0.04562798887491226,64.0
doublewell,chronos-bolt-small,chronos_small,192,336,0.0,1955,0.04739335484296959,0.16921859413979223,0.13465583881904894,0.04578956216573715,192.0
doublewell_param_shock,chronos-bolt-small,chronos_small,64,336,0.0,1955,0.5993183772979068,0.5190888449308647,0.42750384226143645,0.5214352011680603,47.36298751831055
doublewell_param_shock,chronos-bolt-small,chronos_small,192,336,0.0,1955,0.9343770509312097,0.6850066489361702,0.5920481363947389,0.7930906414985657,98.80648803710938
doublewell_switch,chronos-bolt-small,chronos_small,64,336,0.0,1955,0.3639538450313681,0.39373314630179945,0.325703992468476,0.32450905442237854,55.43910598754883
doublewell_switch,chronos-bolt-small,chronos_small,192,336,0.0,1955,0.78824081472431,0.6166386055165309,0.5248746486661886,0.7397580742835999,131.7310028076172
doublewell,timesfm-2.5-200m-pytorch,timefm,64,336,0.0,1955,0.04697522529525829,0.1692833115553198,0.1318770209584318,0.044600263237953186,64.0
doublewell,timesfm-2.5-200m-pytorch,timefm,192,336,0.0,1955,0.04700532888730045,0.1690297782199683,0.13176061314924148,0.04520438611507416,192.0
doublewell_param_shock,timesfm-2.5-200m-pytorch,timefm,64,336,0.0,1955,0.5344020036376169,0.4821028641356841,0.40282110005730565,0.5007324814796448,50.019981384277344
doublewell_param_shock,timesfm-2.5-200m-pytorch,timefm,192,336,0.0,1955,0.8767365848885239,0.6577623677149048,0.5638978464232631,0.7971835732460022,103.86373138427734
doublewell_switch,timesfm-2.5-200m-pytorch,timefm,64,336,0.0,1955,0.37894871717515616,0.39823245775348,0.3291084487221561,0.3498339354991913,55.574214935302734
doublewell_switch,timesfm-2.5-200m-pytorch,timefm,192,336,0.0,1955,0.8822852375941356,0.6538712012932857,0.5532632907578889,0.8023684024810791,126.89209747314453
lorenz96,chronos-bolt-base,chronos,64,336,0.0,0,9.430014918960497,2.0207979149184756,1.6322133846967481,8.174226760864258,51.017051696777344
lorenz96,chronos-bolt-base,chronos,192,336,0.0,0,18.418207327844375,3.169406415203677,2.6165260296814754,11.606705665588379,79.2656478881836
lorenz96,chronos-bolt-small,chronos_small,64,336,0.0,0,9.204269379272223,2.001714473391894,1.6273754943660175,8.081202507019043,51.37691116333008
lorenz96,chronos-bolt-small,chronos_small,192,336,0.0,0,17.453101898099284,3.1020169000983935,2.5871850076776743,10.586005210876465,80.45761108398438
lorenz96,chronos-2,chronos2,64,336,0.0,0,6.329506393945032,1.618093203738143,1.2836524400970568,5.374636650085449,54.52786636352539
lorenz96,chronos-2,chronos2,192,336,0.0,0,15.05697201947523,2.869633349657368,2.281960171541393,9.061074256896973,87.10498046875
lorenz96_switch,chronos-bolt-base,chronos,64,336,0.0,0,12.577981292632893,2.3351501281411293,1.8698140383350854,11.013419151306152,48.883705139160156
lorenz96_switch,chronos-bolt-base,chronos,192,336,0.0,0,21.830694044796832,3.5096533359101008,2.8533937044380786,14.974309921264648,71.04222106933594
lorenz96_switch,chronos-bolt-small,chronos_small,64,336,0.0,0,12.472743631639808,2.3183935412889554,1.8809968504475936,11.046958923339844,49.384521484375
lorenz96_switch,chronos-bolt-small,chronos_small,192,336,0.0,0,21.129869712696998,3.465925710831742,2.8563610152350787,14.002126693725586,73.02650451660156
lorenz96_switch,chronos-2,chronos2,64,336,0.0,0,9.272649918788868,1.9514716873757125,1.5522434196896013,7.8312602043151855,52.31709671020508
lorenz96_switch,chronos-2,chronos2,192,336,0.0,0,18.81227783781218,3.2420521744538613,2.553242141450559,11.512919425964355,83.07452392578125
lorenz96,timesfm-2.5-200m-pytorch,timefm,64,336,0.0,0,6.899732704616194,1.6421495609839227,1.3137954728594874,5.670613765716553,54.2883186340332
lorenz96,timesfm-2.5-200m-pytorch,timefm,192,336,0.0,0,16.291047769146086,2.9860429343262047,2.395579783069418,9.176359176635742,83.64401245117188
lorenz96_switch,timesfm-2.5-200m-pytorch,timefm,64,336,0.0,0,10.072365822985828,1.9846889416594824,1.587926234504288,8.19168758392334,51.98017120361328
lorenz96_switch,timesfm-2.5-200m-pytorch,timefm,192,336,0.0,0,20.713061369642976,3.407803488295386,2.7080536538582995,11.761588096618652,76.2137451171875
lorenz,chronos-bolt-base,chronos,64,336,0.0,0,70.98928593074756,6.090775770755233,4.819762154816216,52.842132568359375,37.44007110595703
lorenz,chronos-bolt-base,chronos,192,336,0.0,0,92.18251055197373,7.557672588539972,5.96832134943746,55.02202606201172,41.12419891357422
lorenz,chronos-bolt-small,chronos_small,64,336,0.0,0,71.28794290561869,6.24093510664392,4.916681936926039,52.599308013916016,35.35249328613281
lorenz,chronos-bolt-small,chronos_small,192,336,0.0,0,91.12158836935495,7.561214944806581,5.983600215832212,56.63368606567383,38.345157623291016
lorenz,chronos-2,chronos2,64,336,0.0,0,54.898849028095064,4.772310326276416,3.88167137353852,31.48077392578125,45.31604766845703
lorenz,chronos-2,chronos2,192,336,0.0,0,92.82619736865892,7.1286701688315794,5.8015147722366125,35.29739761352539,53.79270935058594
lorenz_param_shock,chronos-bolt-base,chronos,64,336,0.0,0,61.0349664645407,5.554223548915378,4.393624964063768,46.172386169433594,41.248046875
lorenz_param_shock,chronos-bolt-base,chronos,192,336,0.0,0,86.35267906576544,7.261896848101012,5.793173325295846,55.34103775024414,49.8032341003418
lorenz_param_shock,chronos-bolt-small,chronos_small,64,336,0.0,0,61.71895937416611,5.68477183084469,4.496755789260523,47.41920852661133,39.40633010864258
lorenz_param_shock,chronos-bolt-small,chronos_small,192,336,0.0,0,82.39968875490948,7.132871193676668,5.688276794833725,56.53276443481445,49.262935638427734
lorenz_param_shock,chronos-2,chronos2,64,336,0.0,0,46.94081557930404,4.06422028824102,3.3038414523593587,29.716869354248047,49.336666107177734
lorenz_param_shock,chronos-2,chronos2,192,336,0.0,0,83.7695378176185,6.519098488960469,5.332404787931723,31.531450271606445,76.20858764648438
lorenz_state_shock,chronos-bolt-base,chronos,64,336,0.0,0,63.52955212563782,5.793743126791839,4.564622504604641,48.31879425048828,38.97063446044922
lorenz_state_shock,chronos-bolt-base,chronos,192,336,0.0,0,87.23184300651734,7.374384815411785,5.835329245817559,54.91496658325195,44.095455169677734
lorenz_state_shock,chronos-bolt-small,chronos_small,64,336,0.0,0,64.7294970687871,5.942145142122742,4.674581627293104,49.50069808959961,37.29438781738281
lorenz_state_shock,chronos-bolt-small,chronos_small,192,336,0.0,0,87.01694410264581,7.394613159854987,5.857563505204798,56.95164108276367,42.04360580444336
lorenz_state_shock,chronos-2,chronos2,64,336,0.0,0,53.656253422621226,4.728181900362863,3.787659792661493,32.270179748535156,44.89742660522461
lorenz_state_shock,chronos-2,chronos2,192,336,0.0,0,89.01970892879741,6.9946733700865735,5.645555369286828,36.01615905761719,56.94055938720703
lorenz_switch,chronos-bolt-base,chronos,64,336,0.0,0,58.61397487581192,5.377422167114525,4.338922998848823,41.65576171875,42.56784439086914
lorenz_switch,chronos-bolt-base,chronos,192,336,0.0,0,83.27584117775338,7.036901766752935,5.768770037019107,43.78083801269531,59.939796447753906
lorenz_switch,chronos-bolt-small,chronos_small,64,336,0.0,0,61.4956978318543,5.641504022561919,4.549340932552708,42.926300048828125,40.18806457519531
lorenz_switch,chronos-bolt-small,chronos_small,192,336,0.0,0,81.49490769459359,6.968447818929204,5.732708889099222,45.6826057434082,58.530208587646484
lorenz_switch,chronos-2,chronos2,64,336,0.0,0,42.590073087073165,3.644994421699426,3.00279528471929,25.812711715698242,51.67843246459961
lorenz_switch,chronos-2,chronos2,192,336,0.0,0,77.17017341302326,6.037762056364432,5.083972294433527,25.889934539794922,86.92927551269531
lorenz,timesfm-2.5-200m-pytorch,timefm,64,336,0.0,0,61.42886041420569,5.365943979400155,4.306945598834283,39.75370788574219,40.891387939453125
lorenz,timesfm-2.5-200m-pytorch,timefm,192,336,0.0,0,92.37359099866218,7.227332540028575,5.790224316891083,36.133689880371094,47.194271087646484
lorenz_param_shock,timesfm-2.5-200m-pytorch,timefm,64,336,0.0,0,48.304164970292284,4.517857785251231,3.6389124183018953,32.40574645996094,45.87253952026367
lorenz_param_shock,timesfm-2.5-200m-pytorch,timefm,192,336,0.0,0,78.58274468404247,6.378325938230206,5.219796847697129,31.65106964111328,68.06725311279297
lorenz_state_shock,timesfm-2.5-200m-pytorch,timefm,64,336,0.0,0,54.22122989723263,5.075296672299468,4.041297887174286,35.07054138183594,41.97011184692383
lorenz_state_shock,timesfm-2.5-200m-pytorch,timefm,192,336,0.0,0,82.1110572990111,6.821444972819946,5.432183739212902,35.99177932739258,50.643455505371094
lorenz_switch,timesfm-2.5-200m-pytorch,timefm,64,336,0.0,0,49.739822001180634,4.334718507391133,3.5407163825234833,32.26921463012695,47.24419403076172
lorenz_switch,timesfm-2.5-200m-pytorch,timefm,192,336,0.0,0,79.62736617877029,6.272302529013338,5.168805660705192,30.911582946777344,77.49246215820312
ou,chronos-2,chronos2,64,336,0.0,0,0.2188907225397402,0.3725683784394124,0.28865837841006714,0.1804051697254181,9.5
ou,chronos-2,chronos2,192,336,0.0,0,0.23810913739112613,0.38941755491267666,0.30803728064384384,0.18717865645885468,9.295845985412598
ou_param_shock,chronos-2,chronos2,64,336,0.0,0,0.2188904288833647,0.37256832830572445,0.28865826287998914,0.18040436506271362,12.53330135345459
ou_param_shock,chronos-2,chronos2,192,336,0.0,0,0.23810907007672827,0.38941750466843705,0.3080374122254754,0.187178835272789,12.246200561523438
ou,chronos-bolt-base,chronos,64,336,0.0,0,0.24474606527588008,0.39071161377214453,0.30578202679824196,0.18575115501880646,9.2107515335083
ou,chronos-bolt-base,chronos,192,336,0.0,0,0.2556201167623564,0.4029590293629191,0.31548470340238877,0.1634949892759323,9.047112464904785
ou_param_shock,chronos-bolt-base,chronos,64,336,0.0,0,0.2447460745767,0.39071155025434995,0.3057820478456004,0.18575111031532288,12.312559127807617
ou_param_shock,chronos-bolt-base,chronos,192,336,0.0,0,0.25562061437357525,0.40295962456391093,0.3154846909621083,0.16349537670612335,12.372340202331543
ou,chronos-bolt-base,chronos,64,336,0.0,0,0.24474606527588008,0.39071161377214453,0.30578202679824196,0.18575115501880646,9.2107515335083
ou,chronos-bolt-base,chronos,192,336,0.0,0,0.2556201167623564,0.4029590293629191,0.31548470340238877,0.1634949892759323,9.047112464904785
ou_param_shock,chronos-bolt-base,chronos,64,336,0.0,0,0.2447460745767,0.39071155025434995,0.3057820478456004,0.18575111031532288,12.312559127807617
ou_param_shock,chronos-bolt-base,chronos,192,336,0.0,0,0.25562061437357525,0.40295962456391093,0.3154846909621083,0.16349537670612335,12.372340202331543
ou,chronos-bolt-small,chronos_small,64,336,0.0,0,0.2280704928056951,0.3787044401286785,0.2955822491084361,0.18475723266601562,9.728353500366211
ou,chronos-bolt-small,chronos_small,192,336,0.0,0,0.24731574562585504,0.39528052044333495,0.3077555426755937,0.1964906007051468,9.488855361938477
ou_param_shock,chronos-bolt-small,chronos_small,64,336,0.0,0,0.22807086846808045,0.3787048595729723,0.2955825918989449,0.18475748598575592,12.579447746276855
ou_param_shock,chronos-bolt-small,chronos_small,192,336,0.0,0,0.2473157005348708,0.39528075362813914,0.307755711781882,0.1964900940656662,12.33586597442627
ou,timesfm-2.5-200m-pytorch,timefm,64,336,0.0,0,0.19995389826290955,0.35901274191096894,0.27609363601646686,0.16817741096019745,10.156042098999023
ou,timesfm-2.5-200m-pytorch,timefm,192,336,0.0,0,0.2126617727952807,0.37068936245862555,0.28607189399402555,0.18866653740406036,10.003545761108398
ou_param_shock,timesfm-2.5-200m-pytorch,timefm,64,336,0.0,0,0.1999538943497597,0.3590127431586399,0.27609367602700624,0.16817733645439148,12.943862915039062
ou_param_shock,timesfm-2.5-200m-pytorch,timefm,192,336,0.0,0,0.2126618165979511,0.3706893908015299,0.2860719478088068,0.18866674602031708,12.672239303588867
rossler,chronos-bolt-base,chronos,64,336,0.0,0,8.522326211016662,0.6809940062052854,0.5589169050523647,7.135058879852295,62.163177490234375
rossler,chronos-bolt-base,chronos,192,336,0.0,0,107.68940969838812,2.818699322084062,2.376588679601991,97.53150939941406,159.01116943359375
rossler,chronos-bolt-small,chronos_small,64,336,0.0,0,7.668507374091457,0.7157278282374475,0.58462917331897,6.302353858947754,62.320838928222656
rossler,chronos-bolt-small,chronos_small,192,336,0.0,0,105.44163044060105,3.1805586782639512,2.686166467719295,93.5748519897461,152.4485321044922
rossler,chronos-2,chronos2,64,336,0.0,0,1.0350584756591898,0.2474072573645021,0.20639878349991828,0.7648332118988037,63.20452117919922
rossler,chronos-2,chronos2,192,336,0.0,0,12.694403108833418,1.3151173361100235,1.088659450571866,9.783154487609863,177.28810119628906
rossler_param_shock,chronos-bolt-base,chronos,64,336,0.0,0,64.9661338339991,1.2202836105901227,1.0439016690775247,54.16044616699219,61.787567138671875
rossler_param_shock,chronos-bolt-base,chronos,192,336,0.0,0,443.5179988454056,4.409521678137401,3.8972493161046087,412.54571533203125,154.6961669921875
rossler_param_shock,chronos-bolt-small,chronos_small,64,336,0.0,0,64.44416106731633,1.2425540577281604,1.079159493010067,53.53248596191406,62.02967834472656
rossler_param_shock,chronos-bolt-small,chronos_small,192,336,0.0,0,606.8464525838424,4.93493798437952,4.8688106464437455,566.1566162109375,147.3550262451172
rossler_param_shock,chronos-2,chronos2,64,336,0.0,0,10.999267479001166,0.4688816745368364,0.3940820171242686,7.569887161254883,62.69894790649414
rossler_param_shock,chronos-2,chronos2,192,336,0.0,0,43.858869038482645,1.9151835390728105,1.6737248613253621,35.74723434448242,176.39906311035156
rossler,timesfm-2.5-200m-pytorch,timefm,64,336,0.0,0,2.131012565029123,0.2577307378452519,0.2298315599649525,1.743445634841919,63.12215042114258
rossler,timesfm-2.5-200m-pytorch,timefm,192,336,0.0,0,12.229699289272451,1.3171178446237757,1.088252062122545,11.064620018005371,172.096435546875
rossler_param_shock,timesfm-2.5-200m-pytorch,timefm,64,336,0.0,0,31.56536950835285,0.624559932483505,0.5620428663367335,24.317068099975586,62.46329116821289
rossler_param_shock,timesfm-2.5-200m-pytorch,timefm,192,336,0.0,0,65.04785236386643,2.1031774831282823,1.810354454564262,57.81109619140625,170.3871307373047
seasonal_ar,chronos-bolt-base,chronos,64,336,0.0,0,0.05925159412945712,0.1949427848084556,0.1515232880806265,0.0259189922362566,64.0
seasonal_ar,chronos-bolt-base,chronos,192,336,0.0,0,0.06563784761309664,0.20533607892593955,0.15909139807463418,0.023444654420018196,192.0
seasonal_ar,chronos-bolt-small,chronos_small,64,336,0.0,0,0.058081308367363506,0.19305236582297808,0.15001746411342262,0.024713076651096344,64.0
seasonal_ar,chronos-bolt-small,chronos_small,192,336,0.0,0,0.06047983372465093,0.19748387824679822,0.15313341870164196,0.01975720189511776,192.0
seasonal_ar,chronos-2,chronos2,64,336,0.0,0,0.05718056201140842,0.19193619744875223,0.14835077389493428,0.023061856627464294,64.0
seasonal_ar,chronos-2,chronos2,192,336,0.0,0,0.05846964044773832,0.1938925101844816,0.14985511817317362,0.01750141754746437,192.0
seasonal_ar_param_shock,chronos-bolt-base,chronos,64,336,0.0,0,0.4067105260153933,0.5085685028562537,0.4041969621612502,0.19885268807411194,63.745479583740234
seasonal_ar_param_shock,chronos-bolt-base,chronos,192,336,0.0,0,0.4353061200637586,0.5257451006867764,0.4144448846457819,0.15404389798641205,189.34092712402344
seasonal_ar_param_shock,chronos-bolt-small,chronos_small,64,336,0.0,0,0.38199475319696313,0.4947294077342403,0.3868359703318943,0.17414650321006775,63.9814453125
seasonal_ar_param_shock,chronos-bolt-small,chronos_small,192,336,0.0,0,0.39875148527125415,0.5049753585243418,0.3934589198959393,0.1341799646615982,191.58206176757812
seasonal_ar_param_shock,chronos-2,chronos2,64,336,0.0,0,0.3725145296410761,0.4893264446113361,0.37993536264299776,0.162963405251503,64.0
seasonal_ar_param_shock,chronos-2,chronos2,192,336,0.0,0,0.39879799211238615,0.5031428622136604,0.3928248250164401,0.1328224390745163,191.7532958984375
seasonal_ar,timesfm-2.5-200m-pytorch,timefm,64,336,0.0,0,0.056085894892717064,0.18964531725639394,0.14636793432422301,0.021863052621483803,64.0
seasonal_ar,timesfm-2.5-200m-pytorch,timefm,192,336,0.0,0,0.059669584327757014,0.1961136250751963,0.15102816960399756,0.01730160601437092,192.0
seasonal_ar_param_shock,timesfm-2.5-200m-pytorch,timefm,64,336,0.0,0,0.3430623274321334,0.4701444007009693,0.3634130536772658,0.1460666060447693,64.0
seasonal_ar_param_shock,timesfm-2.5-200m-pytorch,timefm,192,336,0.0,0,0.3680426537366543,0.48657766237165506,0.3769368343319453,0.11408822238445282,191.94224548339844
slds,chronos-bolt-base,chronos,64,336,0.0,0,4.281910969800432,1.5708113115929514,1.2305019130092025,3.5426080226898193,19.722169876098633
slds,chronos-bolt-base,chronos,192,336,0.0,0,5.478967658251936,1.7935159484183052,1.4217387883496502,4.269217014312744,21.270009994506836
slds,chronos-bolt-small,chronos_small,64,336,0.0,0,3.5092026177868174,1.4241332644853673,1.1297304263350851,3.0029263496398926,20.928163528442383
slds,chronos-bolt-small,chronos_small,192,336,0.0,0,4.08870475173842,1.544105125254612,1.2296832150420156,3.4077703952789307,23.081560134887695
slds,chronos-2,chronos2,64,336,0.0,0,3.350055497674915,1.3771119739303808,1.1024353693316484,2.883850574493408,22.415794372558594
slds,chronos-2,chronos2,192,336,0.0,0,3.724266724745916,1.4630280726264353,1.2788994070123636,3.0999650955200195,25.358156204223633
slds_param_shock,chronos-bolt-base,chronos,64,336,0.0,0,3.2935561412408396,1.4261039621369482,1.108313044658964,2.617734670639038,10.461464881896973
slds_param_shock,chronos-bolt-base,chronos,192,336,0.0,0,3.351101098129855,1.4545855536649293,1.1353504417998208,2.325026035308838,10.482775688171387
slds_param_shock,chronos-bolt-small,chronos_small,64,336,0.0,0,3.134582506827691,1.3973062258465418,1.0901318164409397,2.5940937995910645,10.31160831451416
slds_param_shock,chronos-bolt-small,chronos_small,192,336,0.0,0,3.2650662273702005,1.4302626032959727,1.1237009506155533,2.6232447624206543,10.36119556427002
slds_param_shock,chronos-2,chronos2,64,336,0.0,0,2.6160038894522657,1.2851252415200622,0.999470969844613,2.130096912384033,11.151284217834473
slds_param_shock,chronos-2,chronos2,192,336,0.0,0,2.676227908406617,1.3028368449058134,1.0475663327156228,2.04410982131958,11.255319595336914
slds_switch,chronos-bolt-base,chronos,64,336,0.0,0,6.269144709738632,1.891609477724607,1.4929626719311915,5.3574652671813965,23.79781150817871
slds_switch,chronos-bolt-base,chronos,192,336,0.0,0,8.567726678922345,2.2139666968606204,1.7766123300506955,6.898502826690674,25.719858169555664
slds_switch,chronos-bolt-small,chronos_small,64,336,0.0,0,5.832464835169653,1.7855198848372296,1.4293613193094106,5.09142541885376,25.06279754638672
slds_switch,chronos-bolt-small,chronos_small,192,336,0.0,0,7.8467430158548765,2.0884807500352895,1.686720640161721,6.527425765991211,27.11296844482422
slds_switch,chronos-2,chronos2,64,336,0.0,0,4.912288589550131,1.6426676351835794,1.3255320562281911,4.554461479187012,25.659847259521484
slds_switch,chronos-2,chronos2,192,336,0.0,0,6.6118375449034055,1.9151537481975973,1.7054756897319534,5.892745018005371,26.898176193237305
slds,timesfm-2.5-200m-pytorch,timefm,64,336,0.0,0,3.0178636601717557,1.3036526045722128,1.0332515037252605,2.625518321990967,24.47430992126465
slds,timesfm-2.5-200m-pytorch,timefm,192,336,0.0,0,3.47301254092097,1.4289691413588235,1.1497649697486874,2.865628719329834,30.127153396606445
slds_param_shock,timesfm-2.5-200m-pytorch,timefm,64,336,0.0,0,2.2909524393127034,1.2059178080136836,0.9322588417101315,1.9148064851760864,11.494767189025879
slds_param_shock,timesfm-2.5-200m-pytorch,timefm,192,336,0.0,0,2.366662161690848,1.2281743403585808,0.9514017073397941,2.042293071746826,11.519757270812988
slds_switch,timesfm-2.5-200m-pytorch,timefm,64,336,0.0,0,4.428660958069603,1.5416568298775395,1.2351788079080754,3.897075653076172,26.828258514404297
slds_switch,timesfm-2.5-200m-pytorch,timefm,192,336,0.0,0,5.614372395132491,1.7504886290947355,1.4268214535326702,4.252449989318848,28.5506591796875
