dataset,model,seed,pred_len,sigma,ad_stat,ad_pval,n_rejected,n_directions,fdr_q,n_samples,cov_50%,cov_80%,cov_90%,cov_95%,rejected_ch0,median_p_ch0,rejected_ch1,rejected_ch2,median_p_ch1,median_p_ch2
doublewell_ode0,fern,42,192,0.0,0.3306989545777128,0.5114440868652594,90,192,0.05,1974,0.5423289218169537,0.8288479398851739,0.9141179078014184,0.9549033265788585,90,0.026990384008373496,,,,
doublewell_ode0,fern,42,192,1.0,0.3438004272551609,0.4849694157962683,0,192,0.05,1974,0.27855084853090173,0.5015698877068558,0.6151743498817966,0.6992359000337723,0,0.5585934513734448,,,,
doublewell_ode0,fern,42,192,2.0,0.36927803071563403,0.42384343925284906,1,192,0.05,1974,0.14496000084430935,0.27049297112462006,0.34222232776089156,0.40268543144208035,1,0.5147739694516538,,,,
doublewell_ode0,fern,42,192,0.25,8.963483028764557,8.014971998884564e-22,11,192,0.05,1974,0.5157780310705843,0.811864129517055,0.9061919537318474,0.9527318684566025,11,0.29947619082957255,,,,
doublewell_ode1,fern,42,192,0.0,14.489533569580686,0.0,133,192,0.05,1974,0.5172318262411347,0.7994897205336036,0.8914059861533266,0.9382677938196555,133,0.0020559460873856928,,,,
doublewell_ode1,fern,42,192,1.0,8.082226609977567,9.445797387804371e-20,84,192,0.05,1974,0.265912592874029,0.4824990501519757,0.5930481678486997,0.6752337681526511,84,0.07859183191856955,,,,
doublewell_ode1,fern,42,192,2.0,11.969983935731278,8.560201922422915e-29,23,192,0.05,1974,0.1418466100979399,0.266648725092874,0.3382540737926376,0.39747973657548125,23,0.4061951413723668,,,,
doublewell_ode1,fern,42,192,0.25,29.13742412799928,0.0,24,192,0.05,1974,0.5050896023302939,0.8005081686930091,0.8970074510300574,0.9450196301925026,24,0.3096920574517591,,,,
doublewell_ode2,fern,42,192,0.0,4.282012329995382,1.1278490885547498e-10,167,192,0.05,1974,0.5459858367105708,0.8351248522458629,0.9177669072948328,0.9554283814589666,167,4.37131274377964e-7,,,,
doublewell_ode2,fern,42,192,1.0,16.138940177624534,0.0,38,192,0.05,1974,0.2670392181695373,0.4820584262073624,0.5925336668355285,0.6753155606214117,38,0.2680666979003017,,,,
doublewell_ode2,fern,42,192,2.0,2.1635186980471133,0.000016386135479025573,9,192,0.05,1974,0.14176745609591354,0.2644904593042891,0.33467895136778114,0.3939046141506248,9,0.4572779609642924,,,,
doublewell_ode2,fern,42,192,0.25,4.124217486779884,2.7179250697524975e-10,161,192,0.05,1974,0.541009688449848,0.8315919452887538,0.915772226443769,0.9543518870314083,161,0.000018718035708108216,,,,
doublewell_param_shock_ode0,fern,42,192,0.0,3.0492917001868705,1.1147680358430471e-7,151,192,0.05,1974,0.4962269925700777,0.7707858409321175,0.8579739741641338,0.9042368498817966,151,0.00001340359558037813,,,,
doublewell_param_shock_ode0,fern,42,192,1.0,4.610024458794271,1.8176216072638464e-11,18,192,0.05,1974,0.24254896994258696,0.44181125464370147,0.5461546985815603,0.6268812267814927,18,0.3779762249365619,,,,
doublewell_param_shock_ode0,fern,42,192,2.0,0.49307432527075434,0.21465748093134351,1,192,0.05,1974,0.13643511482607226,0.2566594900371496,0.32529656366092535,0.3828547154677474,1,0.47172563563503067,,,,
doublewell_param_shock_ode0,fern,42,192,0.25,1.7131366376690096,0.00020958601506600215,149,192,0.05,1974,0.5054220491388045,0.7874978892266127,0.8735963356973995,0.9173737757514353,149,0.00002319652975898465,,,,
doublewell_param_shock_ode1,fern,42,192,0.0,22.10645033932451,0.0,37,192,0.05,1974,0.4703462723741979,0.7565908899020601,0.8565492021276596,0.9102235309017224,37,0.3333669827489869,,,,
doublewell_param_shock_ode1,fern,42,192,1.0,4.895050713720565,3.733085431097389e-12,16,192,0.05,1974,0.2504379854778791,0.45536241979061126,0.5614789133738601,0.6433716438703141,16,0.3524189639144568,,,,
doublewell_param_shock_ode1,fern,42,192,2.0,0.7240209494937346,0.05805837186191909,0,192,0.05,1974,0.13741662445119893,0.25916339496791624,0.32830177727119214,0.3860472602161432,0,0.44737890480777437,,,,
doublewell_param_shock_ode1,fern,42,192,0.25,17.15688970047762,0.0,40,192,0.05,1974,0.47900044326241137,0.7684164978047957,0.8687283645727795,0.9208011440391759,40,0.3161946072035878,,,,
doublewell_param_shock_ode2,fern,42,192,0.0,8.07606999990054,9.76683444849478e-20,130,192,0.05,1974,0.47619839159067884,0.7571238601823708,0.8526627406281662,0.9039677262749072,130,0.004373731006692427,,,,
doublewell_param_shock_ode2,fern,42,192,1.0,10.504869495031585,2.0482198618954803e-25,21,192,0.05,1974,0.24991820753123944,0.4541909405606214,0.5599565180682202,0.6415590172239108,21,0.36856383011866584,,,,
doublewell_param_shock_ode2,fern,42,192,2.0,1.2473952893106457,0.0029476098729542917,6,192,0.05,1974,0.1364219224924012,0.2576568304626815,0.3271988981762918,0.3857438365417089,6,0.42772076642862844,,,,
doublewell_param_shock_ode2,fern,42,192,0.25,12.09013449041035,4.538787879717182e-29,70,192,0.05,1974,0.4879923378926038,0.7741525244849713,0.8698523514015535,0.9187114783856805,70,0.11239741374059015,,,,
doublewell_switch_ode0,fern,42,192,0.0,23.361926013117,0.0,41,192,0.05,1974,0.46828035292131037,0.7545328858493752,0.8556574003714961,0.9095243372171564,41,0.2984610227095495,,,,
doublewell_switch_ode0,fern,42,192,1.0,7.2786488470660515,7.499289158105024e-18,26,192,0.05,1974,0.2487783899020601,0.450404740797028,0.5562758569739953,0.6367833924349882,26,0.368391548108728,,,,
doublewell_switch_ode0,fern,42,192,2.0,0.4752577942292362,0.23736060360530747,1,192,0.05,1974,0.13885722728807834,0.25862778622087135,0.3276659067882472,0.3864509456264775,1,0.4531363200459345,,,,
doublewell_switch_ode0,fern,42,192,0.25,21.237329598291325,0.0,39,192,0.05,1974,0.46780806737588654,0.7565724206349206,0.8580267434988179,0.9118593802769335,39,0.36494684873025685,,,,
doublewell_switch_ode1,fern,42,192,0.0,10.695709491824033,7.400744505354013e-26,104,192,0.05,1974,0.45753387791286726,0.7408656281661601,0.8431405141843972,0.8989889395474502,104,0.018310512689947912,,,,
doublewell_switch_ode1,fern,42,192,1.0,5.929464607742574,1.2255971324314726e-14,46,192,0.05,1974,0.24673357818304628,0.4480433130699088,0.5525371496116177,0.6333665780141844,46,0.233159814068895,,,,
doublewell_switch_ode1,fern,42,192,2.0,0.4396819648178507,0.2893650929360452,2,192,0.05,1974,0.1349602119216481,0.2527017899358325,0.3203045845997974,0.3771424349881797,2,0.454414988171452,,,,
doublewell_switch_ode1,fern,42,192,0.25,6.486301899652005,5.735167334860331e-16,99,192,0.05,1974,0.4823882345491388,0.7685167595406958,0.8640398091860858,0.9148461246200608,99,0.017098771563514897,,,,
doublewell_switch_ode2,fern,42,192,0.0,9.970188944433374,3.574205071765616e-24,145,192,0.05,1974,0.5031661600810537,0.7895796394799054,0.8802479103343465,0.9252548758865248,145,0.002436329083003689,,,,
doublewell_switch_ode2,fern,42,192,1.0,7.825081083853149,3.819672672448156e-19,27,192,0.05,1974,0.2455620989530564,0.44742591185410335,0.5544025455927052,0.6356277440054036,27,0.35152501746472575,,,,
doublewell_switch_ode2,fern,42,192,2.0,2.7494596741741475,6.0169610629823e-7,6,192,0.05,1974,0.13980707531239447,0.2617121538331645,0.33123575227963525,0.38970681357649445,6,0.37608259553873635,,,,
doublewell_switch_ode2,fern,42,192,0.25,11.682714068894967,3.9105673548203348e-28,85,192,0.05,1974,0.48931157125970953,0.778429479061128,0.8728945035460993,0.9212734295845998,85,0.04784902371924524,,,,
rossler_ode0,fern,42,192,0.0,2.8935756912646866,2.7923735883976313e-7,562,576,0.05,3073,0.9457822612720107,0.9944058014245941,0.998293266623278,0.9993254420219113,189,4.863264916732498e-19,181,192,3.873721050110217e-15,1.554859058633908e-46
rossler_ode0,fern,42,192,0.25,26.49750834710528,0.0,393,576,0.05,3073,0.6441599323860144,0.8797416793216907,0.9308764508081137,0.9535927839245038,113,0.00603149187425254,109,171,0.016993803161008188,1.4481161051795215e-50
rossler_ode0_nr1,fern,42,192,0.0,2.8935756912646866,2.7923735883976313e-7,562,576,0.05,3073,0.9457822612720107,0.9944058014245941,0.998293266623278,0.9993254420219113,189,4.863264916732498e-19,181,192,3.873721050110217e-15,1.554859058633908e-46
rossler_ode0_nr2,fern,42,192,0.0,2.8935756912646866,2.7923735883976313e-7,562,576,0.05,3073,0.9457822612720107,0.9944058014245941,0.998293266623278,0.9993254420219113,189,4.863264916732498e-19,181,192,3.873721050110217e-15,1.554859058633908e-46
rossler_ode0,fern,42,192,0.0,2.8935756912646866,2.7923735883976313e-7,562,576,0.05,3073,0.9457822612720107,0.9944058014245941,0.998293266623278,0.9993254420219113,189,4.863264916732498e-19,181,192,3.873721050110217e-15,1.554859058633908e-46
rossler_ode0,fern,42,192,1.0,39.61649397884753,0.0,254,576,0.05,3073,0.259474884296923,0.4700799074375384,0.5781453384315002,0.6596143155439852,26,0.32077070991085016,44,184,0.2555985848047966,2.9492064414038915e-33
rossler_ode0,fern,42,192,2.0,44.23104421701146,0.0,197,576,0.05,3073,0.13706803431319375,0.2567280661315399,0.3256245028383411,0.3834901652384568,4,0.5357067606804607,37,156,0.30300623738213744,5.6618268341906915e-15
rossler_ode0,fern,42,192,0.25,26.49750834710528,0.0,393,576,0.05,3073,0.6441599323860144,0.8797416793216907,0.9308764508081137,0.9535927839245038,113,0.00603149187425254,109,171,0.016993803161008188,1.4481161051795215e-50
rossler_ode0_nr1,fern,42,192,0.0,2.8935756912646866,2.7923735883976313e-7,562,576,0.05,3073,0.9457822612720107,0.9944058014245941,0.998293266623278,0.9993254420219113,189,4.863264916732498e-19,181,192,3.873721050110217e-15,1.554859058633908e-46
rossler_ode0_nr1,fern,42,192,1.0,38.20508627343281,0.0,271,576,0.05,3073,0.26956896084173987,0.4862879424738764,0.5971719410999023,0.6792561557652674,34,0.36233351789701396,55,182,0.25117360137115874,3.5885052355963666e-31
rossler_ode0_nr1,fern,42,192,2.0,49.788738053319776,0.0,200,576,0.05,3073,0.14033856708970605,0.26322450012655024,0.33407455617022813,0.39263116028491885,12,0.4546265246662982,24,164,0.37968701654657344,8.251035483572817e-16
rossler_ode0_nr1,fern,42,192,0.25,45.29322020981158,0.0,299,576,0.05,3073,0.6272462667679068,0.8726932828940233,0.9308770157645443,0.9573813817478396,72,0.09905495851314333,80,147,0.09013941093303146,7.425181666980631e-33
rossler_ode0_nr2,fern,42,192,0.0,2.8935756912646866,2.7923735883976313e-7,562,576,0.05,3073,0.9457822612720107,0.9944058014245941,0.998293266623278,0.9993254420219113,189,4.863264916732498e-19,181,192,3.873721050110217e-15,1.554859058633908e-46
rossler_ode0_nr2,fern,42,192,1.0,33.06589148364185,0.0,289,576,0.05,3073,0.2612268141880898,0.4722386059587085,0.5807605217485627,0.6623594388400766,35,0.37355806841866324,69,185,0.16826946968185016,7.696580251277063e-32
rossler_ode0_nr2,fern,42,192,2.0,46.45479649996969,0.0,193,576,0.05,3073,0.1381442763134107,0.2596325071410493,0.32900294229309035,0.3871324393462776,14,0.44234122286964306,21,158,0.44190550596751194,7.695599431527097e-16
rossler_ode0_nr2,fern,42,192,0.25,25.14403140223851,0.0,380,576,0.05,3073,0.6253700464620169,0.8714560283110967,0.9292510711573924,0.9549757972665148,88,0.05002118941034539,123,169,0.00018406323167238038,2.899685041674763e-40
rossler_param_shock_ode0,fern,42,192,0.0,7.250928506160108,9.688834745306658e-18,576,576,0.05,3073,0.920074483855805,0.9829891618758362,0.9913787648696533,0.9946978838991937,192,3.6458529726084955e-25,192,192,3.059104506506186e-18,6.305455617104398e-50
rossler_param_shock_ode0,fern,42,192,1.0,49.62827712927026,0.0,284,576,0.05,3073,0.25860428643742994,0.46825848790541275,0.5759589570452327,0.6570635372600065,74,0.0886685777365337,18,192,0.4102181445721468,7.867001441420964e-61
rossler_param_shock_ode0,fern,42,192,2.0,52.29635340340292,0.0,240,576,0.05,3073,0.1368765140832339,0.2563546299309397,0.3252115196876017,0.3825438632172687,37,0.3127125337526081,14,189,0.435577918727332,2.3238756303548626e-44
rossler_param_shock_ode0,fern,42,192,0.25,19.7096438761248,0.0,479,576,0.05,3073,0.5962205544708392,0.8493040866688361,0.9124419224789384,0.9413417037278086,150,2.5069679092079756e-6,138,191,0.0008843508313113755,1.4596268450936965e-68
rossler_param_shock_ode0_nr1,fern,42,192,0.0,7.250928506160108,9.688834745306658e-18,576,576,0.05,3073,0.920074483855805,0.9829891618758362,0.9913787648696533,0.9946978838991937,192,3.6458529726084955e-25,192,192,3.059104506506186e-18,6.305455617104398e-50
rossler_param_shock_ode0_nr1,fern,42,192,1.0,36.149991073939646,0.0,337,576,0.05,3073,0.262704740210435,0.47423120728929385,0.5822175443829772,0.6632317315688614,101,0.01412362933316004,44,192,0.29007754675682573,2.05748221785985e-60
rossler_param_shock_ode0_nr1,fern,42,192,2.0,44.91966099145429,0.0,261,576,0.05,3073,0.13896120331200057,0.2602200618288318,0.3297791924286799,0.38802676537585423,53,0.31354771942192006,17,191,0.4382825295925167,1.0605385567667904e-45
rossler_param_shock_ode0_nr1,fern,42,192,0.25,11.244451972688239,4.677672415418612e-27,531,576,0.05,3073,0.6170171656361861,0.8549915030552844,0.9095199678200817,0.9350769018693278,177,1.6373538180338287e-21,163,191,9.651012070525079e-10,2.8440049616241708e-70
rossler_param_shock_ode0_nr2,fern,42,192,0.0,7.250928506160108,9.688834745306658e-18,576,576,0.05,3073,0.920074483855805,0.9829891618758362,0.9913787648696533,0.9946978838991937,192,3.6458529726084955e-25,192,192,3.059104506506186e-18,6.305455617104398e-50
rossler_param_shock_ode0_nr2,fern,42,192,1.0,43.87897306529612,0.0,323,576,0.05,3073,0.2567043379614564,0.4645512438080775,0.5721031294066602,0.652714502657555,85,0.10791044548307313,46,192,0.26400438014300576,2.0838683783022666e-60
rossler_param_shock_ode0_nr2,fern,42,192,2.0,51.69307536738745,0.0,250,576,0.05,3073,0.13796744495064542,0.25872292728784757,0.32817923581733377,0.38611551777126946,48,0.3108164128537892,10,192,0.5040831391384676,3.305369727299278e-46
rossler_param_shock_ode0_nr2,fern,42,192,0.25,14.542768799827854,0.0,493,576,0.05,3073,0.6038853183642477,0.848560604006219,0.9077912011425678,0.9351136240373142,167,7.466605001052726e-14,136,190,0.0000969321139631614,1.7012913934238569e-69
