dataset,model,pred_len,seq_len,seed,training_time,mse,mae,swd,ept,crps,nll,experiment,eval_tag,sigma,fern_nll
chua_ode0,fern,64,336,1955,342.5929651260376,0.0038533166516572237,0.04579375684261322,0.003335388610139489,63.97626876831055,0.04150443151593208,-1.0410643815994263,chua,fern_nll,0.0,-2.3618366718292236
chua_ode0,fern,64,336,7,287.2430944442749,0.00736222043633461,0.06747423857450485,0.006798046641051769,63.82518005371094,0.05096665024757385,-0.9275416731834412,chua,fern_nll,0.0,-2.342237949371338
chua_ode0,fern,192,336,1955,809.1550016403198,0.00624600425362587,0.05873531475663185,0.00510228518396616,190.43202209472656,0.04640098288655281,-0.9909939765930176,chua,fern_nll,0.0,-2.3670527935028076
chua_ode0,fern,192,336,7,410.4749653339386,0.017839917913079262,0.07645701617002487,0.014186112210154533,184.00384521484375,0.06001850590109825,-0.6123536229133606,chua,fern_nll,0.0,-2.3217971324920654
chua_param_shock_ode0,fern,64,336,1955,262.7463526725769,0.009961565025150776,0.0677415058016777,0.008696514181792736,63.655372619628906,0.05406681448221207,-0.861789882183075,chua_param_shock,fern_nll,0.0,-2.310391664505005
chua_param_shock_ode0,fern,64,336,7,441.9172134399414,0.005831808317452669,0.0558323860168457,0.005188100039958954,63.857276916503906,0.04541173577308655,-0.9816365242004395,chua_param_shock,fern_nll,0.0,-2.3342792987823486
chua_param_shock_ode0,fern,192,336,1955,884.312933921814,0.006204287987202406,0.061214447021484375,0.004631343297660351,188.7723388671875,0.04821378365159035,-0.9618082642555237,chua_param_shock,fern_nll,0.0,-2.3585474491119385
chua_param_shock_ode0,fern,192,336,7,626.7642014026642,0.010138492099940777,0.07168745994567871,0.0079946992918849,189.0450439453125,0.05581410229206085,-0.8464707732200623,chua_param_shock,fern_nll,0.0,-2.347811222076416
chua_switch_ode0,fern,64,336,1955,448.11455512046814,0.005402829963713884,0.05598371475934982,0.004892420023679733,63.98854064941406,0.04538467898964882,-0.9920562505722046,chua_switch,fern_nll,0.0,-2.351436138153076
chua_switch_ode0,fern,64,336,7,375.2725055217743,0.0031658245716243982,0.03954248130321503,0.002649603644385934,63.984718322753906,0.039265163242816925,-1.0675885677337646,chua_switch,fern_nll,0.0,-2.358956813812256
chua_switch_ode0,fern,192,336,1955,532.7147614955902,0.010307056829333305,0.07098865509033203,0.008098875172436237,188.9217529296875,0.05561370775103569,-0.8351263999938965,chua_switch,fern_nll,0.0,-2.3509466648101807
chua_switch_ode0,fern,192,336,7,431.2912483215332,0.027245867997407913,0.09470877796411514,0.02307800203561783,187.68055725097656,0.07561337947845459,-0.2729513645172119,chua_switch,fern_nll,0.0,-2.320692539215088
doublewell_ode0,fern,64,336,1955,106.30600094795227,0.05584663897752762,0.1881888508796692,0.02721911109983921,64.0,0.13551297783851624,-0.004386900458484888,doublewell,fern_nll,0.0,-0.9487617611885071
doublewell_ode0,fern,64,336,7,141.6404435634613,0.05657642334699631,0.18534722924232483,0.02088853530585766,63.99039077758789,0.13504257798194885,0.0016238718526437879,doublewell,fern_nll,0.0,-0.9261934757232666
doublewell_ode0,fern,192,336,1955,133.16575598716736,0.058801647275686264,0.19361910223960876,0.030275067314505577,191.914794921875,0.13907699286937714,0.01859550178050995,doublewell,fern_nll,0.0,-0.9528576135635376
doublewell_ode0,fern,192,336,7,158.30637121200562,0.06672939658164978,0.2086532711982727,0.03389694541692734,192.00001525878906,0.14873746037483215,0.08224119991064072,doublewell,fern_nll,0.0,-0.9382845759391785
doublewell_param_shock_ode0,fern,64,336,1955,122.06383180618286,0.5974901914596558,0.5549048781394958,0.5162469148635864,45.03825759887695,0.45267432928085327,3.2403810024261475,doublewell_param_shock,fern_nll,0.0,0.16155661642551422
doublewell_param_shock_ode0,fern,64,336,7,133.6261703968048,0.6504003405570984,0.5963300466537476,0.5624351501464844,42.832454681396484,0.48464128375053406,3.341364622116089,doublewell_param_shock,fern_nll,0.0,0.2898689806461334
doublewell_param_shock_ode0,fern,192,336,1955,120.86755037307739,0.715327262878418,0.6851683855056763,0.5802510976791382,71.61520385742188,0.5530931353569031,3.527998447418213,doublewell_param_shock,fern_nll,0.0,0.33343228697776794
doublewell_param_shock_ode0,fern,192,336,7,145.75811100006104,0.822221040725708,0.7305132746696472,0.6809964776039124,63.14372253417969,0.5964989066123962,4.008864879608154,doublewell_param_shock,fern_nll,0.0,0.5116291046142578
doublewell_switch_ode0,fern,64,336,1955,147.4269301891327,0.36503323912620544,0.4218612313270569,0.2929377257823944,53.95377731323242,0.3281671404838562,1.7621933221817017,doublewell_switch,fern_nll,0.0,-0.22664877772331238
doublewell_switch_ode0,fern,64,336,7,147.67791056632996,0.35048872232437134,0.40462544560432434,0.279167115688324,54.87506103515625,0.31584057211875916,1.696658730506897,doublewell_switch,fern_nll,0.0,-0.2590639591217041
doublewell_switch_ode0,fern,192,336,1955,110.63453459739685,0.6240935921669006,0.6060329675674438,0.5283507108688354,108.3343505859375,0.48615238070487976,2.9331774711608887,doublewell_switch,fern_nll,0.0,0.21564020216464996
doublewell_switch_ode0,fern,192,336,7,134.45032620429993,0.6800658106803894,0.6512417197227478,0.5678265690803528,91.88037109375,0.5228139162063599,3.2196474075317383,doublewell_switch,fern_nll,0.0,0.3017401099205017
lorenz96_ode0,fern,64,336,1955,1641.87335562706,0.36947882175445557,0.3252861201763153,0.31528207659721375,63.7318115234375,0.2707335650920868,5.386427402496338,lorenz96,fern_nll,0.0,-1.5728486776351929
lorenz96_ode0,fern,64,336,7,1081.0342280864716,0.5018354654312134,0.387617826461792,0.4299335777759552,63.60578918457031,0.3190855085849762,4.260977268218994,lorenz96,fern_nll,0.0,-1.1253780126571655
lorenz96_ode0,fern,192,336,1955,1962.8856723308563,2.3131916522979736,0.9452340602874756,1.0607848167419434,175.522705078125,0.8243970274925232,12.04078197479248,lorenz96,fern_nll,0.0,2.070056676864624
lorenz96_ode0,fern,192,336,7,2214.3200056552887,2.272848606109619,0.9347100853919983,1.0466607809066772,176.70884704589844,0.8216503262519836,14.413727760314941,lorenz96,fern_nll,0.0,1.9084447622299194
lorenz96_switch_ode0,fern,64,336,1955,1081.2083406448364,1.5679417848587036,0.70365971326828,1.2487059831619263,62.17927551269531,0.6176875233650208,14.369351387023926,lorenz96_switch,fern_nll,0.0,0.6684688329696655
lorenz96_switch_ode0,fern,64,336,7,927.4234306812286,1.5945534706115723,0.6959977149963379,1.2860342264175415,62.25956344604492,0.6046057939529419,12.406786918640137,lorenz96_switch,fern_nll,0.0,0.8175960183143616
lorenz96_switch_ode0,fern,192,336,1955,378.9948801994324,6.995832443237305,1.8919677734375,3.580186367034912,132.15599060058594,1.6578019857406616,13.102311134338379,lorenz96_switch,fern_nll,0.0,10.971633911132812
lorenz96_switch_ode0,fern,192,336,7,377.1448187828064,7.120143890380859,1.8827409744262695,3.4622771739959717,130.97274780273438,1.6503134965896606,13.269808769226074,lorenz96_switch,fern_nll,0.0,11.178476333618164
lorenz_ode0,fern,64,336,1955,359.60013461112976,0.9224840998649597,0.5874487161636353,0.5372266173362732,63.78514099121094,0.44956955313682556,2.0339155197143555,lorenz,fern_nll,0.0,1.000519871711731
lorenz_ode0,fern,64,336,7,271.62594199180603,1.7597514390945435,0.8320102095603943,0.8802627921104431,63.42136001586914,0.6611259579658508,3.260054588317871,lorenz,fern_nll,0.0,2.302079439163208
lorenz_ode0,fern,192,336,1955,496.06924390792847,10.489836692810059,1.6550723314285278,2.367172956466675,176.4016876220703,1.439302921295166,19.1099853515625,lorenz,fern_nll,0.0,16.75640869140625
lorenz_ode0,fern,192,336,7,665.7274971008301,12.724291801452637,1.7114580869674683,2.422368288040161,171.5699462890625,1.5029171705245972,23.227733612060547,lorenz,fern_nll,0.0,20.49528694152832
lorenz_param_shock_ode0,fern,64,336,1955,520.2178275585175,4.512823104858398,0.906320333480835,2.8542892932891846,62.98421859741211,0.7430381178855896,8.885590553283691,lorenz_param_shock,fern_nll,0.0,6.908431053161621
lorenz_param_shock_ode0,fern,64,336,7,518.9463739395142,4.447626113891602,0.8201156854629517,2.469569206237793,62.97998046875,0.6716824173927307,8.345138549804688,lorenz_param_shock,fern_nll,0.0,6.78037691116333
lorenz_param_shock_ode0,fern,192,336,1955,518.1812014579773,21.3286075592041,2.40873646736145,5.463658332824707,164.8176727294922,2.1767866611480713,38.59831619262695,lorenz_param_shock,fern_nll,0.0,34.68808364868164
lorenz_param_shock_ode0,fern,192,336,7,385.52168703079224,21.833078384399414,2.5118536949157715,5.683910846710205,164.02879333496094,2.2753303050994873,39.562049865722656,lorenz_param_shock,fern_nll,0.0,35.58578872680664
lorenz_state_shock_ode0,fern,64,336,1955,298.87756299972534,2.090618371963501,0.822418212890625,1.0078984498977661,63.26120376586914,0.6564033031463623,4.264744281768799,lorenz_state_shock,fern_nll,0.0,2.8864963054656982
lorenz_state_shock_ode0,fern,64,336,7,355.7164068222046,1.5491100549697876,0.7476840615272522,0.7759358286857605,63.51382827758789,0.5852265357971191,3.0905630588531494,lorenz_state_shock,fern_nll,0.0,1.962476134300232
lorenz_state_shock_ode0,fern,192,336,1955,491.55552196502686,10.532881736755371,1.6826633214950562,2.3921384811401367,172.3875732421875,1.4683284759521484,19.280492782592773,lorenz_state_shock,fern_nll,0.0,16.836654663085938
lorenz_state_shock_ode0,fern,192,336,7,424.9678797721863,10.684739112854004,1.8288627862930298,3.100468397140503,168.02996826171875,1.6040592193603516,19.579618453979492,lorenz_state_shock,fern_nll,0.0,17.100521087646484
lorenz_switch_ode0,fern,64,336,1955,310.5723991394043,3.5504672527313232,1.1379438638687134,1.9653778076171875,63.34891891479492,0.9315071105957031,6.972491264343262,lorenz_switch,fern_nll,0.0,5.357619762420654
lorenz_switch_ode0,fern,64,336,7,250.21093606948853,3.9944212436676025,1.0758708715438843,2.4568545818328857,62.91857147216797,0.8845216035842896,7.437138080596924,lorenz_switch,fern_nll,0.0,6.009098529815674
lorenz_switch_ode0,fern,192,336,1955,516.1839587688446,11.964898109436035,1.7595454454421997,2.9186925888061523,173.0630645751953,1.5436584949493408,21.881750106811523,lorenz_switch,fern_nll,0.0,19.198047637939453
lorenz_switch_ode0,fern,192,336,7,433.2067584991455,11.565603256225586,1.8211698532104492,3.0819125175476074,172.47006225585938,1.5989363193511963,21.120370864868164,lorenz_switch,fern_nll,0.0,18.544666290283203
ou_ode0,fern,64,336,1955,177.2605481147766,0.19688116014003754,0.35610321164131165,0.13089683651924133,8.784860610961914,0.2641754746437073,0.9487739205360413,ou,fern_nll,0.0,-0.8166787028312683
ou_ode0,fern,64,336,7,135.99906969070435,0.19300577044487,0.35193222761154175,0.12312053889036179,9.369717597961426,0.2613160014152527,0.9452760219573975,ou,fern_nll,0.0,-0.8182143568992615
ou_ode0,fern,192,336,1955,138.2748281955719,0.20235595107078552,0.36115339398384094,0.14171446859836578,9.582158088684082,0.2680942118167877,0.9669704437255859,ou,fern_nll,0.0,-0.8032115697860718
ou_ode0,fern,192,336,7,138.4720528125763,0.20292501151561737,0.3616660535335541,0.138037770986557,9.336491584777832,0.26801374554634094,0.9533768892288208,ou,fern_nll,0.0,-0.802085280418396
ou_param_shock_ode0,fern,64,336,1955,182.18515467643738,0.24164490401744843,0.3952747583389282,0.1603931337594986,10.49531078338623,0.29753538966178894,1.2451876401901245,ou_param_shock,fern_nll,0.0,-0.7304096221923828
ou_param_shock_ode0,fern,64,336,7,131.53156876564026,0.19311083853244781,0.35214951634407043,0.12988144159317017,12.139552116394043,0.26069343090057373,0.9094873070716858,ou_param_shock,fern_nll,0.0,-0.7880492806434631
ou_param_shock_ode0,fern,192,336,1955,118.61298036575317,0.20698732137680054,0.3660675585269928,0.1533161699771881,9.816027641296387,0.270459920167923,0.939207911491394,ou_param_shock,fern_nll,0.0,-0.7730821371078491
ou_param_shock_ode0,fern,192,336,7,131.30874061584473,0.20180393755435944,0.3602096438407898,0.13541634380817413,12.709566116333008,0.2664858102798462,0.9305688738822937,ou_param_shock,fern_nll,0.0,-0.7847679853439331
rossler_ode0,fern,64,336,1955,252.6883111000061,0.03401292860507965,0.12658798694610596,0.027817975729703903,64.0,0.11248326301574707,-0.06636276096105576,rossler,fern_nll,0.0,-1.5941846370697021
rossler_ode0,fern,64,336,7,880.3124632835388,0.014649542979896069,0.08368951082229614,0.01263980008661747,64.0,0.06827522069215775,-0.6294830441474915,rossler,fern_nll,0.0,-2.1336565017700195
rossler_ode0,fern,192,336,1955,1073.6428785324097,0.018404176458716393,0.10132387280464172,0.01640242710709572,192.0,0.07446117699146271,-0.5888274312019348,rossler,fern_nll,0.0,-2.1997108459472656
rossler_ode0,fern,192,336,7,1057.5996913909912,0.01342292781919241,0.0889304131269455,0.011845571920275688,192.0,0.06788445264101028,-0.6608945727348328,rossler,fern_nll,0.0,-2.2253668308258057
rossler_param_shock_ode0,fern,64,336,1955,290.61429953575134,0.07906954735517502,0.13556714355945587,0.0668807327747345,63.731990814208984,0.11040885746479034,-0.12318719178438187,rossler_param_shock,fern_nll,0.0,-1.761971116065979
rossler_param_shock_ode0,fern,64,336,7,912.8590748310089,0.0394476093351841,0.09387537091970444,0.03423153981566429,63.955421447753906,0.07897818088531494,-0.5146822929382324,rossler_param_shock,fern_nll,0.0,-2.1004395484924316
rossler_param_shock_ode0,fern,192,336,1955,1019.0893001556396,0.03856169059872627,0.12300819903612137,0.02584270015358925,192.0,0.09802131354808807,-0.32174235582351685,rossler_param_shock,fern_nll,0.0,-1.977232575416565
rossler_param_shock_ode0,fern,192,336,7,564.8415672779083,0.13442863523960114,0.2555747330188751,0.1094144731760025,191.070068359375,0.19013749063014984,0.3468325436115265,rossler_param_shock,fern_nll,0.0,-1.3169432878494263
seasonal_ar_ode0,fern,64,336,1955,201.14183259010315,0.06073746085166931,0.1971140205860138,0.018213611096143723,64.0,0.14145131409168243,0.037448082119226456,seasonal_ar,fern_nll,0.0,-0.9783506989479065
seasonal_ar_ode0,fern,64,336,7,305.00110149383545,0.06590716540813446,0.20491157472133636,0.0225074365735054,64.0,0.14726445078849792,0.09316349029541016,seasonal_ar,fern_nll,0.0,-0.9770933985710144
seasonal_ar_ode0,fern,192,336,1955,313.71864223480225,0.054271504282951355,0.18636658787727356,0.010923448018729687,192.00001525878906,0.13353322446346283,-0.019820868968963623,seasonal_ar,fern_nll,0.0,-1.0505856275558472
seasonal_ar_ode0,fern,192,336,7,312.52387166023254,0.054561711847782135,0.18680696189403534,0.01132144220173359,192.00001525878906,0.13391074538230896,-0.015994081273674965,seasonal_ar,fern_nll,0.0,-1.0453652143478394
seasonal_ar_param_shock_ode0,fern,64,336,1955,95.77582383155823,0.3393687903881073,0.4669153392314911,0.1215292364358902,64.0,0.33782100677490234,0.976108729839325,seasonal_ar_param_shock,fern_nll,0.0,-0.06620915979146957
seasonal_ar_param_shock_ode0,fern,64,336,7,250.6052167415619,0.3446851968765259,0.47070562839508057,0.12229158729314804,64.0,0.3474559485912323,1.1711452007293701,seasonal_ar_param_shock,fern_nll,0.0,-0.14957332611083984
seasonal_ar_param_shock_ode0,fern,192,336,1955,297.14984369277954,0.32383403182029724,0.45569533109664917,0.06383487582206726,192.00001525878906,0.3347057104110718,1.081252932548523,seasonal_ar_param_shock,fern_nll,0.0,-0.22900879383087158
seasonal_ar_param_shock_ode0,fern,192,336,7,308.490207195282,0.32780322432518005,0.458659827709198,0.06834153831005096,192.00001525878906,0.3370130658149719,1.093154788017273,seasonal_ar_param_shock,fern_nll,0.0,-0.22377732396125793
slds_ode0,fern,64,336,1955,103.54551982879639,2.5501389503479004,1.204246997833252,2.0031278133392334,21.76129150390625,0.9982419610023499,5.6298017501831055,slds,fern_nll,0.0,3.7090487480163574
slds_ode0,fern,64,336,7,96.47969937324524,2.556842088699341,1.2093976736068726,1.8318203687667847,23.80583953857422,1.0028550624847412,5.556809425354004,slds,fern_nll,0.0,3.6226425170898438
slds_ode0,fern,192,336,1955,98.2683653831482,2.8992154598236084,1.2799769639968872,2.1843278408050537,30.202407836914062,1.0624842643737793,5.6823039054870605,slds,fern_nll,0.0,4.202087879180908
slds_ode0,fern,192,336,7,96.28721284866333,2.8875844478607178,1.2754687070846558,2.2200989723205566,31.174713134765625,1.0575789213180542,5.612777233123779,slds,fern_nll,0.0,4.181314945220947
slds_param_shock_ode0,fern,64,336,1955,85.20185112953186,2.2069199085235596,1.184654712677002,1.4397578239440918,9.96903133392334,0.96555095911026,4.4830002784729,slds_param_shock,fern_nll,0.0,3.2971031665802
slds_param_shock_ode0,fern,64,336,7,94.30208253860474,2.1549367904663086,1.176641583442688,1.494594931602478,9.935164451599121,0.959101140499115,4.4806013107299805,slds_param_shock,fern_nll,0.0,2.975919246673584
slds_param_shock_ode0,fern,192,336,1955,93.95343518257141,2.2309515476226807,1.2010968923568726,1.5933234691619873,10.580133438110352,0.9748900532722473,4.356889724731445,slds_param_shock,fern_nll,0.0,3.095127820968628
slds_param_shock_ode0,fern,192,336,7,91.50598120689392,2.223945140838623,1.199547290802002,1.6072585582733154,10.995196342468262,0.9733535647392273,4.340432643890381,slds_param_shock,fern_nll,0.0,3.083188533782959
slds_switch_ode0,fern,64,336,1955,109.33682656288147,3.826798439025879,1.4040919542312622,3.109640121459961,25.442108154296875,1.1886156797409058,7.67391300201416,slds_switch,fern_nll,0.0,5.82131814956665
slds_switch_ode0,fern,64,336,7,93.75788450241089,3.92169189453125,1.433031678199768,3.2539241313934326,24.93260955810547,1.2141790390014648,7.73152494430542,slds_switch,fern_nll,0.0,5.887822151184082
slds_switch_ode0,fern,192,336,1955,98.38354778289795,4.682404041290283,1.542222499847412,3.525449275970459,26.938175201416016,1.319706916809082,8.833776473999023,slds_switch,fern_nll,0.0,7.147767066955566
slds_switch_ode0,fern,192,336,7,88.56987929344177,4.653135299682617,1.5205950736999512,3.6784400939941406,28.91082191467285,1.3011847734451294,8.802796363830566,slds_switch,fern_nll,0.0,7.109046936035156
