dataset,model,seed,pred_len,sigma,pit_00,pit_01,pit_02,pit_03,pit_04,pit_05,pit_06,pit_07,pit_08,pit_09,pit_10,pit_11,pit_12,pit_13,pit_14,pit_15,pit_16,pit_17,pit_18,pit_19,pit_total
doublewell_ode0,fern,42,192,0.0,14627,16250,17387,18033,19057,19369,20245,20548,21088,21200,21339,21135,20637,20353,19633,18844,18278,16994,16068,17923,379008
doublewell_ode0,fern,42,192,1.0,71507,21305,16065,13688,12283,11435,10711,10454,10028,9983,9892,10151,10521,10887,11511,12359,13899,16232,21752,74345,379008
doublewell_ode0,fern,42,192,2.0,124403,13644,9468,7535,6658,6098,5769,5453,5093,5156,5193,5087,5343,5725,6024,6643,7666,9608,13542,124900,379008
doublewell_ode0,fern,42,192,0.25,16998,17746,18405,18703,19096,19160,19494,19776,19649,19945,19594,19599,19651,19470,19146,18973,18463,18579,18005,18556,379008
doublewell_ode1,fern,42,192,0.0,21467,17622,17593,17911,18278,18638,19061,19954,20174,20256,20340,19919,19956,19082,18655,18075,17668,17453,17215,19691,379008
doublewell_ode1,fern,42,192,1.0,79904,21346,15885,13394,11987,10979,10275,9776,9683,9528,9692,9880,9965,10248,10757,11887,13216,15719,20553,74334,379008
doublewell_ode1,fern,42,192,2.0,125869,13601,9472,7515,6534,6017,5526,5265,5086,4999,5060,5055,5231,5500,6022,6740,7568,9472,13538,124938,379008
doublewell_ode1,fern,42,192,0.25,20494,18768,18844,18922,19034,19325,19165,18978,19324,19351,19398,18957,19051,18930,18954,18629,18471,18066,17806,18541,379008
doublewell_ode2,fern,42,192,0.0,15058,14912,16338,17536,18488,19115,19833,20371,20818,21135,21317,21153,21254,21108,20829,20208,18835,18181,16410,16109,379008
doublewell_ode2,fern,42,192,1.0,79384,21131,15795,13254,12136,11068,10290,9952,9705,9426,9476,9790,10012,10557,10934,11671,13052,15586,20740,75049,379008
doublewell_ode2,fern,42,192,2.0,127628,13354,9316,7558,6410,5993,5514,5234,5082,4985,5081,5012,5286,5518,6026,6450,7465,9314,13248,124534,379008
doublewell_ode2,fern,42,192,0.25,16624,16145,17504,18804,19532,20020,20193,20667,20930,20861,21191,20731,20408,20348,19698,19155,18272,16866,15760,15299,379008
doublewell_param_shock_ode0,fern,42,192,0.0,26717,16784,16938,17640,18397,18872,18972,19166,19378,19065,19206,18955,18278,18295,17887,17430,17120,16535,16261,27112,379008
doublewell_param_shock_ode0,fern,42,192,1.0,86658,19713,14561,12104,10769,9942,9438,9120,8746,8639,8767,8829,8960,9470,10017,10856,12482,14750,19834,85353,379008
doublewell_param_shock_ode0,fern,42,192,2.0,127337,13010,9081,7495,6300,5700,5261,5146,4908,4855,4835,4889,5042,5333,5741,6263,7345,9082,13004,128381,379008
doublewell_param_shock_ode0,fern,42,192,0.25,23507,16337,17066,17879,18450,18631,19375,19447,19356,19371,19495,19323,19146,18651,18764,18637,17746,17131,16295,24401,379008
doublewell_param_shock_ode1,fern,42,192,0.0,27420,19257,18688,18003,18142,18057,17901,17755,17901,17795,17858,17865,17753,17830,17550,17772,17882,18002,18628,26949,379008
doublewell_param_shock_ode1,fern,42,192,1.0,82731,20034,15066,12409,11210,10278,9651,9358,9138,9206,8800,9213,9299,9828,10147,11230,12774,14979,20185,83472,379008
doublewell_param_shock_ode1,fern,42,192,2.0,126290,13015,9236,7382,6386,5824,5425,5115,4905,4953,4938,4861,5089,5314,5658,6442,7335,9362,13189,128289,379008
doublewell_param_shock_ode1,fern,42,192,0.25,24809,19012,18377,17930,17962,18221,17806,17995,18124,18274,18076,18208,18289,18329,18223,18488,18351,18583,19007,24944,379008
doublewell_param_shock_ode2,fern,42,192,0.0,27188,18488,17898,17792,17976,18138,18097,18280,18232,18009,18104,17992,18057,17782,17792,17919,17541,17347,17722,28654,379008
doublewell_param_shock_ode2,fern,42,192,1.0,82432,20114,14982,12738,11191,10302,9405,9414,9133,9032,8926,9167,9446,9576,10320,11183,12474,14853,19972,84348,379008
doublewell_param_shock_ode2,fern,42,192,2.0,128389,13310,9051,7455,6321,5701,5379,5112,5075,4755,4750,4827,5028,5349,5729,6400,7444,9278,13047,126608,379008
doublewell_param_shock_ode2,fern,42,192,0.25,23479,17965,17797,17890,18167,18197,18312,18276,18428,18744,18687,18838,18440,18551,18480,18291,18280,18032,18306,25848,379008
doublewell_switch_ode0,fern,42,192,0.0,27619,19238,18538,18205,18112,18082,17926,17871,18024,17926,17597,17642,17399,17429,17586,17694,17727,18216,19089,27088,379008
doublewell_switch_ode0,fern,42,192,1.0,82962,19843,14934,12233,10837,10206,9643,9412,8889,8883,8847,9147,9443,9647,10172,11099,12395,14920,20283,85213,379008
doublewell_switch_ode0,fern,42,192,2.0,127360,13126,9021,7152,6372,5794,5357,5086,4977,4877,4907,4953,5206,5536,5935,6326,7435,9088,13040,127460,379008
doublewell_switch_ode0,fern,42,192,0.25,26484,19091,18341,18302,18250,17977,17704,17863,17780,17783,17410,17685,17549,17771,17781,17793,18188,18570,19361,27325,379008
doublewell_switch_ode1,fern,42,192,0.0,28390,18802,17629,17502,17327,17142,17284,17149,17038,17412,17308,17364,17492,17660,17560,17855,18352,18720,19961,31061,379008
doublewell_switch_ode1,fern,42,192,1.0,82466,19618,14621,12373,10974,10004,9584,9108,9071,8868,8853,8989,9136,9608,10293,11057,12482,14791,19986,87126,379008
doublewell_switch_ode1,fern,42,192,2.0,129425,12854,8916,7156,6256,5679,5242,5098,4927,4862,4742,4728,5050,5150,5673,6347,7139,8811,12768,128185,379008
doublewell_switch_ode1,fern,42,192,0.25,24902,18219,18234,18143,18305,18264,18175,18256,18416,18422,18268,18421,18139,18400,18068,18108,17835,17820,17985,26628,379008
doublewell_switch_ode2,fern,42,192,0.0,21998,16844,17507,17786,18304,18831,18703,19341,19312,19105,19617,19349,18928,19088,18430,18779,18259,17918,17520,23389,379008
doublewell_switch_ode2,fern,42,192,1.0,83136,20255,14730,12341,11051,10050,9443,9143,8877,8870,8757,8985,9160,9610,10175,11221,12428,14737,20290,85749,379008
doublewell_switch_ode2,fern,42,192,2.0,126954,13217,9257,7366,6473,5959,5458,5202,5040,4949,4970,4966,5287,5424,5733,6432,7345,9330,13133,126513,379008
doublewell_switch_ode2,fern,42,192,0.25,23558,17777,18169,18361,18377,18440,18369,18568,18219,18786,18788,18636,18746,18588,18313,18540,18244,17887,18026,24616,379008
rossler_ode0,fern,42,192,0.0,1739,4187,6948,13249,23340,39829,70283,125048,229943,368892,371578,231839,123462,70688,42518,24504,12272,5753,2694,1282,1770048
rossler_ode0,fern,42,192,0.25,63878,46397,57919,70915,84844,98187,109034,118048,124301,126847,126012,122295,115517,105759,94194,80810,67962,54541,44114,58474,1770048
rossler_ode0_nr1,fern,42,192,0.0,1739,4187,6948,13249,23340,39829,70283,125048,229943,368892,371578,231839,123462,70688,42518,24504,12272,5753,2694,1282,1770048
rossler_ode0_nr2,fern,42,192,0.0,1739,4187,6948,13249,23340,39829,70283,125048,229943,368892,371578,231839,123462,70688,42518,24504,12272,5753,2694,1282,1770048
rossler_ode0,fern,42,192,0.0,1739,4187,6948,13249,23340,39829,70283,125048,229943,368892,371578,231839,123462,70688,42518,24504,12272,5753,2694,1282,1770048
rossler_ode0,fern,42,192,1.0,369244,94873,71786,59989,53898,49433,46801,45067,43928,43903,43718,44334,45539,46738,49822,54598,60450,72060,96408,377459,1770048
rossler_ode0,fern,42,192,2.0,593428,60911,41866,34407,29391,26679,24989,23760,23049,22861,22508,23261,23626,24959,26925,29618,34171,42351,61039,600249,1770048
rossler_ode0,fern,42,192,0.25,63878,46397,57919,70915,84844,98187,109034,118048,124301,126847,126012,122295,115517,105759,94194,80810,67962,54541,44114,58474,1770048
rossler_ode0_nr1,fern,42,192,0.0,1739,4187,6948,13249,23340,39829,70283,125048,229943,368892,371578,231839,123462,70688,42518,24504,12272,5753,2694,1282,1770048
rossler_ode0_nr1,fern,42,192,1.0,361198,98492,73922,62731,56131,51687,49094,46937,46285,45556,45156,45690,46728,48465,51552,55462,62078,73279,97778,351827,1770048
rossler_ode0_nr1,fern,42,192,2.0,589685,62612,43141,35235,30318,27194,25699,24350,23705,23239,23342,23724,24501,25413,27239,30555,35181,43084,62796,589035,1770048
rossler_ode0_nr1,fern,42,192,0.25,60013,51587,61477,72857,84997,95796,106291,114997,119647,122839,122201,118644,112296,103811,93734,82689,71341,61092,51401,62338,1770048
rossler_ode0_nr2,fern,42,192,0.0,1739,4187,6948,13249,23340,39829,70283,125048,229943,368892,371578,231839,123462,70688,42518,24504,12272,5753,2694,1282,1770048
rossler_ode0_nr2,fern,42,192,1.0,377825,96744,72296,60933,54414,50247,47497,45527,44662,43881,43845,44410,45111,47141,50063,53999,60547,71312,95345,364249,1770048
rossler_ode0_nr2,fern,42,192,2.0,599195,61224,42883,34598,30192,26935,25067,24025,23320,22941,22684,23401,23850,25193,27106,30366,34339,42662,61565,588502,1770048
rossler_ode0_nr2,fern,42,192,0.25,65352,52017,61085,72847,83895,94998,104276,112126,118855,121639,122011,118413,113565,105880,95172,84304,72717,60736,50283,59877,1770048
rossler_param_shock_ode0,fern,42,192,0.0,7881,7451,11321,17392,27445,42884,70693,125363,236080,360858,350039,218570,116474,66475,41140,27109,17061,11034,7399,7379,1770048
rossler_param_shock_ode0,fern,42,192,1.0,377011,95659,71332,60542,54083,49618,46955,45296,43878,43600,43421,44086,45178,46232,49478,53423,60465,71253,94976,373562,1770048
rossler_param_shock_ode0,fern,42,192,2.0,600491,60789,42108,34365,29683,26848,25015,23635,23100,22804,22576,22962,23771,24976,26591,29231,34083,42012,61091,593917,1770048
rossler_param_shock_ode0,fern,42,192,0.25,75527,55080,64731,74894,84338,93332,101575,107224,111716,113955,114385,111631,106937,100934,93650,84186,74605,65216,56677,79455,1770048
rossler_param_shock_ode0_nr1,fern,42,192,0.0,7881,7451,11321,17392,27445,42884,70693,125363,236080,360858,350039,218570,116474,66475,41140,27109,17061,11034,7399,7379,1770048
rossler_param_shock_ode0_nr1,fern,42,192,1.0,378306,96560,72945,61568,54575,50662,47827,45960,44654,44162,43927,44600,45806,47704,49698,53760,60620,70944,94581,361189,1770048
rossler_param_shock_ode0_nr1,fern,42,192,2.0,596077,61884,42663,34678,29759,27048,25301,24066,23486,22895,23010,23365,24192,25324,27281,29962,34914,42658,61239,590246,1770048
rossler_param_shock_ode0_nr1,fern,42,192,0.25,82709,48711,58578,70347,82053,92919,102840,111068,116549,120076,119958,117469,112894,104241,94136,82143,70380,57725,47807,77445,1770048
rossler_param_shock_ode0_nr2,fern,42,192,0.0,7881,7451,11321,17392,27445,42884,70693,125363,236080,360858,350039,218570,116474,66475,41140,27109,17061,11034,7399,7379,1770048
rossler_param_shock_ode0_nr2,fern,42,192,1.0,379733,95061,70761,59790,53181,48886,46326,44768,44002,43127,42820,43584,45134,46500,49232,53458,59796,70913,95311,377665,1770048
rossler_param_shock_ode0_nr2,fern,42,192,2.0,599099,61318,42596,34514,29689,26909,25133,24065,23217,23026,22951,23121,23877,25233,26677,30130,34350,42464,61623,590056,1770048
rossler_param_shock_ode0_nr2,fern,42,192,0.25,81881,51845,60535,71029,82332,91723,100703,109030,114105,115791,116925,114292,110147,102523,93667,83844,72782,62565,52996,81333,1770048
